match_score,title,company,modality,location,track_matched,source,url,score_reasons
75.0%,Visagio Talentos - Estágio: Desenvolvedor(a) de Software,v(dev),Remoto,100% Remoto (Brasil),Estágio em Desenvolvimento de Software & Web,Gupy,https://vdev.gupy.io/job/eyJqb2JJZCI6MTEzNTcyNjQsInNvdXJjZSI6Imd1cHlfcG9ydGFsIn0=?jobBoardSource=gupy_portal,"Nível de senioridade perfeito (Estágio/Júnior/Trainee) | Modalidade 100% Remota (máxima conveniência) | Título altamente aderente à trilha 'Estágio em Desenvolvimento de Software & Web' | Competências encontradas (4): metodologias ágeis, automação, sistemas de informação, gestão de ti"
70.0%,Estagio em Engenharia de dados,Instituto de Pesquisas ELDORADO,Remoto,"Brasília, DF",Estágio em Engenharia de Telecomunicações & Redes,LinkedIn,https://br.linkedin.com/jobs/view/estagio-em-engenharia-de-dados-at-instituto-de-pesquisas-eldorado-4473402057,Nível de senioridade perfeito (Estágio/Júnior/Trainee) | Modalidade 100% Remota (máxima conveniência) | Título altamente aderente à trilha 'Estágio em Engenharia de Telecomunicações & Redes'
70.0%,ESTAGIO ENGENHARIA DE TELECOMUNICACOES,Zopone Engenharia,Remoto,"Belo Horizonte, MG",Estágio em Engenharia de Telecomunicações & Redes,LinkedIn,https://br.linkedin.com/jobs/view/estagio-engenharia-de-telecomunicacoes-at-zopone-engenharia-4441674166,Nível de senioridade perfeito (Estágio/Júnior/Trainee) | Modalidade 100% Remota (máxima conveniência) | Título altamente aderente à trilha 'Estágio em Engenharia de Telecomunicações & Redes'
65.0%,Estágio em Desenvolvimento de Software / Data Mining,Instituto de Pesquisas ELDORADO,Remoto,100% Remoto (Brasil),Estágio em Desenvolvimento de Software & Web,Gupy,https://institutoeldorado.gupy.io/job/eyJqb2JJZCI6MTI1Nzc0NTEsInNvdXJjZSI6Imd1cHlfcG9ydGFsIn0=?jobBoardSource=gupy_portal,"Nível de senioridade perfeito (Estágio/Júnior/Trainee) | Modalidade 100% Remota (máxima conveniência) | Título altamente aderente à trilha 'Estágio em Desenvolvimento de Software & Web' | Competências encontradas (2): python, sistemas de informação"
60.0%,ESTAGIÁRIO DE INFRAESTRUTURA - TI,Emilio Ribas,Presencial,"Fortaleza, CE","Estágio em TI, Suporte Técnico & Redes",LinkedIn,https://br.linkedin.com/jobs/view/estagi%C3%A1rio-de-infraestrutura-ti-at-emilio-ribas-4460331757,"Nível de senioridade perfeito (Estágio/Júnior/Trainee) | Localizada na Região Metropolitana de Fortaleza | Título altamente aderente à trilha 'Estágio em TI, Suporte Técnico & Redes' | Competências encontradas (1): infraestrutura"
60.0%,Estágio em Desenvolvimento Humano / RH,CAPEF - Caixa de Previdência dos Funcionários do Banco do Nordeste,Presencial,"Fortaleza, CE",Estágio em Desenvolvimento de Software & Web,LinkedIn,https://br.linkedin.com/jobs/view/est%C3%A1gio-em-desenvolvimento-humano-rh-at-capef-caixa-de-previd%C3%AAncia-dos-funcion%C3%A1rios-do-banco-do-nordeste-4465145871,Nível de senioridade perfeito (Estágio/Júnior/Trainee) | Localizada na Região Metropolitana de Fortaleza | Título altamente aderente à trilha 'Estágio em Desenvolvimento de Software & Web' | Competências encontradas (1): rh
60.0%,Estágio em Infraestrutura de TI,ACCION | Tecnologia e Resultado,Remoto,"Maringá, PR","Estágio em TI, Suporte Técnico & Redes",LinkedIn,https://br.linkedin.com/jobs/view/est%C3%A1gio-em-infraestrutura-de-ti-at-accion-tecnologia-e-resultado-4463676644,"Nível de senioridade perfeito (Estágio/Júnior/Trainee) | Modalidade 100% Remota (máxima conveniência) | Título altamente aderente à trilha 'Estágio em TI, Suporte Técnico & Redes' | Competências encontradas (1): infraestrutura"
60.0%,"Estágio em IA | Automação, agentes e dados",Sanar,Remoto,"São Paulo, SP","Estágio em Gente & Gestão, RH & Recrutamento",LinkedIn,https://br.linkedin.com/jobs/view/est%C3%A1gio-em-ia-automa%C3%A7%C3%A3o-agentes-e-dados-at-sanar-4473802814,"Nível de senioridade perfeito (Estágio/Júnior/Trainee) | Modalidade 100% Remota (máxima conveniência) | Título altamente aderente à trilha 'Estágio em Gente & Gestão, RH & Recrutamento' | Competências encontradas (1): automação"
60.0%,Estágio em P&D - Desenvolvimento de Software e Hardware,Xmobots,Remoto,"São Carlos, SP",Estágio em Desenvolvimento de Software & Web,LinkedIn,https://br.linkedin.com/jobs/view/est%C3%A1gio-em-p-d-desenvolvimento-de-software-e-hardware-at-xmobots-4470544283,Nível de senioridade perfeito (Estágio/Júnior/Trainee) | Modalidade 100% Remota (máxima conveniência) | Título altamente aderente à trilha 'Estágio em Desenvolvimento de Software & Web' | Competências encontradas (1): hardware
60.0%,Estagiário(a) em Recrutamento e Seleção,Selbetti Tecnologia,Remoto,"Joinville, SC","Estágio em Gente & Gestão, RH & Recrutamento",LinkedIn,https://br.linkedin.com/jobs/view/estagi%C3%A1rio-a-em-recrutamento-e-sele%C3%A7%C3%A3o-at-selbetti-tecnologia-4473685781,"Nível de senioridade perfeito (Estágio/Júnior/Trainee) | Modalidade 100% Remota (máxima conveniência) | Título altamente aderente à trilha 'Estágio em Gente & Gestão, RH & Recrutamento' | Competências encontradas (1): recrutamento e seleção"
60.0%,Estágio I Gestão de Pessoas,Sementes Estrela,Remoto,"Erechim, RS","Estágio em Gente & Gestão, RH & Recrutamento",LinkedIn,https://br.linkedin.com/jobs/view/est%C3%A1gio-i-gest%C3%A3o-de-pessoas-at-sementes-estrela-4456973144,"Nível de senioridade perfeito (Estágio/Júnior/Trainee) | Modalidade 100% Remota (máxima conveniência) | Título altamente aderente à trilha 'Estágio em Gente & Gestão, RH & Recrutamento' | Competências encontradas (1): gestão de pessoas"
60.0%,Estagiário(a) de Recrutamento e Seleção  - Caieiras,Softys,Remoto,"Caieiras, SP","Estágio em Gente & Gestão, RH & Recrutamento",LinkedIn,https://br.linkedin.com/jobs/view/estagi%C3%A1rio-a-de-recrutamento-e-sele%C3%A7%C3%A3o-caieiras-at-softys-4467868151,"Nível de senioridade perfeito (Estágio/Júnior/Trainee) | Modalidade 100% Remota (máxima conveniência) | Título altamente aderente à trilha 'Estágio em Gente & Gestão, RH & Recrutamento' | Competências encontradas (1): recrutamento e seleção"
60.0%,"AWS Tech intern (Vaga Afirmativa para Pessoas com Deficiência), Amazon University Talent Acquisition",Amazon Web Services (AWS),Remoto,São Paulo e Região,"Estágio em Gente & Gestão, RH & Recrutamento",LinkedIn,https://br.linkedin.com/jobs/view/aws-tech-intern-vaga-afirmativa-para-pessoas-com-defici%C3%AAncia-amazon-university-talent-acquisition-at-amazon-web-services-aws-4455908236,"Nível de senioridade perfeito (Estágio/Júnior/Trainee) | Modalidade 100% Remota (máxima conveniência) | Título altamente aderente à trilha 'Estágio em Gente & Gestão, RH & Recrutamento' | Competências encontradas (1): talent acquisition"
60.0%,Estágio na área de Telecomunicações,CPET - Centro de Profissionalização e Educação Técnica,Remoto,"São Paulo, SP",Estágio em Engenharia de Telecomunicações & Redes,LinkedIn,https://br.linkedin.com/jobs/view/est%C3%A1gio-na-%C3%A1rea-de-telecomunica%C3%A7%C3%B5es-at-cpet-centro-de-profissionaliza%C3%A7%C3%A3o-e-educa%C3%A7%C3%A3o-t%C3%A9cnica-4477833508,Nível de senioridade perfeito (Estágio/Júnior/Trainee) | Modalidade 100% Remota (máxima conveniência) | Título altamente aderente à trilha 'Estágio em Engenharia de Telecomunicações & Redes' | Competências encontradas (1): telecomunicações
60.0%,Estágio em Telecomunicações,Bwtech,Remoto,Belo Horizonte e Região,Estágio em Engenharia de Telecomunicações & Redes,LinkedIn,https://br.linkedin.com/jobs/view/est%C3%A1gio-em-telecomunica%C3%A7%C3%B5es-at-bwtech-4477602441,Nível de senioridade perfeito (Estágio/Júnior/Trainee) | Modalidade 100% Remota (máxima conveniência) | Título altamente aderente à trilha 'Estágio em Engenharia de Telecomunicações & Redes' | Competências encontradas (1): telecomunicações
55.0%,Estágio de Suporte Acadêmico,Instituto Infnet - Venha ser estagiário ou trainee!,Remoto,100% Remoto (Brasil),"Estágio em TI, Suporte Técnico & Redes",Gupy,https://estagio-e-trainee-infnet.gupy.io/job/eyJqb2JJZCI6MTIwNzI3NjcsInNvdXJjZSI6Imd1cHlfcG9ydGFsIn0=?jobBoardSource=gupy_portal,"Nível de senioridade perfeito (Estágio/Júnior/Trainee) | Modalidade 100% Remota (máxima conveniência) | Título altamente aderente à trilha 'Estágio em TI, Suporte Técnico & Redes'"
55.0%,Nube - Estágio na área de Engenharia de Produção  - 363214,Nube - Vagas,Presencial,Cerquilho - São Paulo,Estágio em Engenharia de Telecomunicações & Redes,Gupy,https://nubevagasefetivas.gupy.io/job/eyJqb2JJZCI6MTI2OTk3NjQsInNvdXJjZSI6Imd1cHlfcG9ydGFsIn0=?jobBoardSource=gupy_portal,Nível de senioridade perfeito (Estágio/Júnior/Trainee) | Localizada na Região Metropolitana de Fortaleza | Título altamente aderente à trilha 'Estágio em Engenharia de Telecomunicações & Redes'
55.0%,Estágio de Sistemas e Eficiência de Dados,Casa dos Ventos Energias Renováveis,Presencial,"Fortaleza, CE",Estágio em Engenharia de Telecomunicações & Redes,LinkedIn,https://br.linkedin.com/jobs/view/est%C3%A1gio-de-sistemas-e-efici%C3%AAncia-de-dados-at-casa-dos-ventos-energias-renov%C3%A1veis-4468927862,Nível de senioridade perfeito (Estágio/Júnior/Trainee) | Localizada na Região Metropolitana de Fortaleza | Título altamente aderente à trilha 'Estágio em Engenharia de Telecomunicações & Redes'
55.0%,Estágio em Projetos e Processos,Unitech,Presencial,"Fortaleza, CE","Estágio em Gestão de Projetos, Scrum & Agilidade",LinkedIn,https://br.linkedin.com/jobs/view/est%C3%A1gio-em-projetos-e-processos-at-unitech-4474989600,"Nível de senioridade perfeito (Estágio/Júnior/Trainee) | Localizada na Região Metropolitana de Fortaleza | Título altamente aderente à trilha 'Estágio em Gestão de Projetos, Scrum & Agilidade'"
55.0%,"Estágio em Administração, Engenharia de Produção ou TI",RB Distribuidora,Presencial,"Fortaleza, CE",Estágio em Engenharia de Telecomunicações & Redes,LinkedIn,https://br.linkedin.com/jobs/view/est%C3%A1gio-em-administra%C3%A7%C3%A3o-engenharia-de-produ%C3%A7%C3%A3o-ou-ti-at-rb-distribuidora-4478034937,Nível de senioridade perfeito (Estágio/Júnior/Trainee) | Localizada na Região Metropolitana de Fortaleza | Título altamente aderente à trilha 'Estágio em Engenharia de Telecomunicações & Redes'
55.0%,Estagiário(a) de Sistemas Embarcados | Fortaleza,Mobit Tecnologia,Presencial,"Fortaleza, CE",Estágio em Engenharia de Telecomunicações & Redes,LinkedIn,https://br.linkedin.com/jobs/view/estagi%C3%A1rio-a-de-sistemas-embarcados-fortaleza-at-mobit-tecnologia-4469367040,Nível de senioridade perfeito (Estágio/Júnior/Trainee) | Localizada na Região Metropolitana de Fortaleza | Título altamente aderente à trilha 'Estágio em Engenharia de Telecomunicações & Redes'
55.0%,Estagiário de Engenharia Elétrica,Satel Brasil,Presencial,"Fortaleza, CE",Estágio em Engenharia de Telecomunicações & Redes,LinkedIn,https://br.linkedin.com/jobs/view/estagi%C3%A1rio-de-engenharia-el%C3%A9trica-at-satel-brasil-4463123583,Nível de senioridade perfeito (Estágio/Júnior/Trainee) | Localizada na Região Metropolitana de Fortaleza | Título altamente aderente à trilha 'Estágio em Engenharia de Telecomunicações & Redes'
55.0%,Estágio - Suporte Comercial  - Fortaleza,Ludfor Energia,Presencial,"Fortaleza, CE","Estágio em TI, Suporte Técnico & Redes",LinkedIn,https://br.linkedin.com/jobs/view/est%C3%A1gio-suporte-comercial-fortaleza-at-ludfor-energia-4413793046,"Nível de senioridade perfeito (Estágio/Júnior/Trainee) | Localizada na Região Metropolitana de Fortaleza | Título altamente aderente à trilha 'Estágio em TI, Suporte Técnico & Redes'"
55.0%,Estagiário de engenharia elétrica,Iracema Solar,Presencial,"Fortaleza, CE",Estágio em Engenharia de Telecomunicações & Redes,LinkedIn,https://br.linkedin.com/jobs/view/estagi%C3%A1rio-de-engenharia-el%C3%A9trica-at-iracema-solar-4471730984,Nível de senioridade perfeito (Estágio/Júnior/Trainee) | Localizada na Região Metropolitana de Fortaleza | Título altamente aderente à trilha 'Estágio em Engenharia de Telecomunicações & Redes'
55.0%,Estágio em Engenharia Civil,WR ENGENHARIA,Presencial,"Fortaleza, CE",Estágio em Engenharia de Telecomunicações & Redes,LinkedIn,https://br.linkedin.com/jobs/view/est%C3%A1gio-em-engenharia-civil-at-wr-engenharia-4463066154,Nível de senioridade perfeito (Estágio/Júnior/Trainee) | Localizada na Região Metropolitana de Fortaleza | Título altamente aderente à trilha 'Estágio em Engenharia de Telecomunicações & Redes'
55.0%,Estagiário de Engenharia Victa - Vitória Acácia,K2018376365 (SOUTH AFRICA),Presencial,"Fortaleza, CE",Estágio em Engenharia de Telecomunicações & Redes,LinkedIn,https://br.linkedin.com/jobs/view/estagi%C3%A1rio-de-engenharia-victa-vit%C3%B3ria-ac%C3%A1cia-at-k2018376365-south-africa-4474821982,Nível de senioridade perfeito (Estágio/Júnior/Trainee) | Localizada na Região Metropolitana de Fortaleza | Título altamente aderente à trilha 'Estágio em Engenharia de Telecomunicações & Redes'
55.0%,ESTAGIÁRIO(A) DE ENGENHARIA CIVIL,Direcional Engenharia,Presencial,"Maracanaú, CE",Estágio em Engenharia de Telecomunicações & Redes,LinkedIn,https://br.linkedin.com/jobs/view/estagi%C3%A1rio-a-de-engenharia-civil-at-direcional-engenharia-4467576680,Nível de senioridade perfeito (Estágio/Júnior/Trainee) | Localizada na Região Metropolitana de Fortaleza | Título altamente aderente à trilha 'Estágio em Engenharia de Telecomunicações & Redes'
55.0%,Estagiário de Engenharia Victa - Viver Hype - Praia do Futuro,K2018376365 (SOUTH AFRICA),Presencial,"Fortaleza, CE",Estágio em Engenharia de Telecomunicações & Redes,LinkedIn,https://br.linkedin.com/jobs/view/estagi%C3%A1rio-de-engenharia-victa-viver-hype-praia-do-futuro-at-k2018376365-south-africa-4475793582,Nível de senioridade perfeito (Estágio/Júnior/Trainee) | Localizada na Região Metropolitana de Fortaleza | Título altamente aderente à trilha 'Estágio em Engenharia de Telecomunicações & Redes'
55.0%,Estágio em Engenharia Civil/Arquitetura - Fortaleza | CE,MRV,Presencial,"Fortaleza, CE",Estágio em Engenharia de Telecomunicações & Redes,LinkedIn,https://br.linkedin.com/jobs/view/est%C3%A1gio-em-engenharia-civil-arquitetura-fortaleza-ce-at-mrv-4474002184,Nível de senioridade perfeito (Estágio/Júnior/Trainee) | Localizada na Região Metropolitana de Fortaleza | Título altamente aderente à trilha 'Estágio em Engenharia de Telecomunicações & Redes'
55.0%,Estágio em TI e Suporte Operacional,SINERGIA Condominial,Remoto,"Salvador, BA","Estágio em TI, Suporte Técnico & Redes",LinkedIn,https://br.linkedin.com/jobs/view/est%C3%A1gio-em-ti-e-suporte-operacional-at-sinergia-atc-condominium-engineering-4407610774,"Nível de senioridade perfeito (Estágio/Júnior/Trainee) | Modalidade 100% Remota (máxima conveniência) | Título altamente aderente à trilha 'Estágio em TI, Suporte Técnico & Redes'"
55.0%,Estágio em TI – Suporte a Colaboradores,Seg Imob Seguros Imobiliários,Remoto,"Uberlândia, MG","Estágio em TI, Suporte Técnico & Redes",LinkedIn,https://br.linkedin.com/jobs/view/est%C3%A1gio-em-ti-%E2%80%93-suporte-a-colaboradores-at-seg-imob-seguros-imobili%C3%A1rios-4470105737,"Nível de senioridade perfeito (Estágio/Júnior/Trainee) | Modalidade 100% Remota (máxima conveniência) | Título altamente aderente à trilha 'Estágio em TI, Suporte Técnico & Redes'"
55.0%,ESTÁGIO EM TI – DESENVOLVIMENTO DE SOFTWARE,Segsat Tecnologia,Remoto,"Recife, PE",Estágio em Desenvolvimento de Software & Web,LinkedIn,https://br.linkedin.com/jobs/view/est%C3%A1gio-em-ti-%E2%80%93-desenvolvimento-de-software-at-segsat-tecnologia-4463915211,Nível de senioridade perfeito (Estágio/Júnior/Trainee) | Modalidade 100% Remota (máxima conveniência) | Título altamente aderente à trilha 'Estágio em Desenvolvimento de Software & Web'
55.0%,Estagiário de TI  - Desenvolvimento de Sistemas,Santa Casa da Bahia,Remoto,"Salvador, BA",Estágio em Desenvolvimento de Software & Web,LinkedIn,https://br.linkedin.com/jobs/view/estagi%C3%A1rio-de-ti-desenvolvimento-de-sistemas-at-santa-casa-da-bahia-4469793374,Nível de senioridade perfeito (Estágio/Júnior/Trainee) | Modalidade 100% Remota (máxima conveniência) | Título altamente aderente à trilha 'Estágio em Desenvolvimento de Software & Web'
55.0%,Estágio em Desenvolvimento de Software,Kaffa Tech,Remoto,"São José dos Campos, SP",Estágio em Desenvolvimento de Software & Web,LinkedIn,https://br.linkedin.com/jobs/view/est%C3%A1gio-em-desenvolvimento-de-software-at-kaffa-tech-4474379368,Nível de senioridade perfeito (Estágio/Júnior/Trainee) | Modalidade 100% Remota (máxima conveniência) | Título altamente aderente à trilha 'Estágio em Desenvolvimento de Software & Web'
55.0%,Estágio em QA — Testes de Software,Slabware,Remoto,"Vila Velha, ES",Estágio em Desenvolvimento de Software & Web,LinkedIn,https://br.linkedin.com/jobs/view/est%C3%A1gio-em-qa-%E2%80%94-testes-de-software-at-slabware-4473056172,Nível de senioridade perfeito (Estágio/Júnior/Trainee) | Modalidade 100% Remota (máxima conveniência) | Título altamente aderente à trilha 'Estágio em Desenvolvimento de Software & Web'
55.0%,Estágio em Qualidade de Software,Kaffa Tech,Remoto,"São José dos Campos, SP",Estágio em Desenvolvimento de Software & Web,LinkedIn,https://br.linkedin.com/jobs/view/est%C3%A1gio-em-qualidade-de-software-at-kaffa-tech-4474391738,Nível de senioridade perfeito (Estágio/Júnior/Trainee) | Modalidade 100% Remota (máxima conveniência) | Título altamente aderente à trilha 'Estágio em Desenvolvimento de Software & Web'
55.0%,ESTAGIÁRIO DE DESENVOLVIMENTO DE SOFTWARE - SÃO PAULO/SP,Tahto,Remoto,"São Paulo, SP",Estágio em Desenvolvimento de Software & Web,LinkedIn,https://br.linkedin.com/jobs/view/estagi%C3%A1rio-de-desenvolvimento-de-software-s%C3%A3o-paulo-sp-at-tahto-4470570055,Nível de senioridade perfeito (Estágio/Júnior/Trainee) | Modalidade 100% Remota (máxima conveniência) | Título altamente aderente à trilha 'Estágio em Desenvolvimento de Software & Web'
55.0%,Estagiário de Projetos e Processos - Programação,Emefarma,Remoto,"Rio de Janeiro, RJ","Estágio em Gestão de Projetos, Scrum & Agilidade",LinkedIn,https://br.linkedin.com/jobs/view/estagi%C3%A1rio-de-projetos-e-processos-programa%C3%A7%C3%A3o-at-emefarma-4468924844,"Nível de senioridade perfeito (Estágio/Júnior/Trainee) | Modalidade 100% Remota (máxima conveniência) | Título altamente aderente à trilha 'Estágio em Gestão de Projetos, Scrum & Agilidade'"
55.0%,Estágio de Engenheiro de Software,Companhia Excelsior de Seguros,Remoto,"Recife, PE",Estágio em Desenvolvimento de Software & Web,LinkedIn,https://br.linkedin.com/jobs/view/est%C3%A1gio-de-engenheiro-de-software-at-companhia-excelsior-de-seguros-4471521617,Nível de senioridade perfeito (Estágio/Júnior/Trainee) | Modalidade 100% Remota (máxima conveniência) | Título altamente aderente à trilha 'Estágio em Desenvolvimento de Software & Web'
55.0%,Estagio em administração,EG QUALITY - Tools & Measurement Solution,Remoto,"Jundiaí, SP","Estágio em TI, Suporte Técnico & Redes",LinkedIn,https://br.linkedin.com/jobs/view/estagio-em-administra%C3%A7%C3%A3o-at-eg-quality-tools-measurement-solution-4474814699,"Nível de senioridade perfeito (Estágio/Júnior/Trainee) | Modalidade 100% Remota (máxima conveniência) | Título altamente aderente à trilha 'Estágio em TI, Suporte Técnico & Redes'"
55.0%,Estágio em desenvolvimento Android,Instituto de Pesquisas ELDORADO,Remoto,"Campinas, SP",Estágio em Desenvolvimento de Software & Web,LinkedIn,https://br.linkedin.com/jobs/view/est%C3%A1gio-em-desenvolvimento-android-at-instituto-de-pesquisas-eldorado-4460766636,Nível de senioridade perfeito (Estágio/Júnior/Trainee) | Modalidade 100% Remota (máxima conveniência) | Título altamente aderente à trilha 'Estágio em Desenvolvimento de Software & Web'
55.0%,Estágio em Desenvolvimento de Software,HStern,Remoto,Rio de Janeiro e Região,Estágio em Desenvolvimento de Software & Web,LinkedIn,https://br.linkedin.com/jobs/view/est%C3%A1gio-em-desenvolvimento-de-software-at-hstern-4470502537,Nível de senioridade perfeito (Estágio/Júnior/Trainee) | Modalidade 100% Remota (máxima conveniência) | Título altamente aderente à trilha 'Estágio em Desenvolvimento de Software & Web'
55.0%,Estagiário de Desenvolvimento,Conceito Engenharia,Remoto,Belo Horizonte e Região,Estágio em Desenvolvimento de Software & Web,LinkedIn,https://br.linkedin.com/jobs/view/estagi%C3%A1rio-de-desenvolvimento-at-conceito-engenharia-4470227147,Nível de senioridade perfeito (Estágio/Júnior/Trainee) | Modalidade 100% Remota (máxima conveniência) | Título altamente aderente à trilha 'Estágio em Desenvolvimento de Software & Web'
55.0%,Software Developer Intern - Brazil,AVEVA,Remoto,"São Paulo, SP",Estágio em Desenvolvimento de Software & Web,LinkedIn,https://br.linkedin.com/jobs/view/software-developer-intern-brazil-at-aveva-4469613907,Nível de senioridade perfeito (Estágio/Júnior/Trainee) | Modalidade 100% Remota (máxima conveniência) | Título altamente aderente à trilha 'Estágio em Desenvolvimento de Software & Web'
55.0%,Estágio em Desenvolvimento de Integrações | Consultoria em TI. - (Tecnologia da Informação - Desenv. de Sistemas) EDI LABS,Instituto Via de Acesso,Remoto,"São Paulo, SP",Estágio em Desenvolvimento de Software & Web,LinkedIn,https://br.linkedin.com/jobs/view/est%C3%A1gio-em-desenvolvimento-de-integra%C3%A7%C3%B5es-consultoria-em-ti-tecnologia-da-informa%C3%A7%C3%A3o-desenv-de-sistemas-edi-labs-at-instituto-via-de-acesso-4471445624,Nível de senioridade perfeito (Estágio/Júnior/Trainee) | Modalidade 100% Remota (máxima conveniência) | Título altamente aderente à trilha 'Estágio em Desenvolvimento de Software & Web'
55.0%,Estagiário em Desenvolvimento de Software,4DF Connect,Remoto,"São Paulo, SP",Estágio em Desenvolvimento de Software & Web,LinkedIn,https://br.linkedin.com/jobs/view/estagi%C3%A1rio-em-desenvolvimento-de-software-at-4df-connect-4475337568,Nível de senioridade perfeito (Estágio/Júnior/Trainee) | Modalidade 100% Remota (máxima conveniência) | Título altamente aderente à trilha 'Estágio em Desenvolvimento de Software & Web'
55.0%,Estágio em Desenvolvimento Full Stack,Sillion - Serviços de Tecnologia,Remoto,"Belo Horizonte, MG",Estágio em Desenvolvimento de Software & Web,LinkedIn,https://br.linkedin.com/jobs/view/est%C3%A1gio-em-desenvolvimento-full-stack-at-sillion-servi%C3%A7os-de-tecnologia-4474866960,Nível de senioridade perfeito (Estágio/Júnior/Trainee) | Modalidade 100% Remota (máxima conveniência) | Título altamente aderente à trilha 'Estágio em Desenvolvimento de Software & Web'
55.0%,Estágio em Desenvolvimento de Software,4mti,Remoto,Belo Horizonte e Região,Estágio em Desenvolvimento de Software & Web,LinkedIn,https://br.linkedin.com/jobs/view/est%C3%A1gio-em-desenvolvimento-de-software-at-4mti-4470064049,Nível de senioridade perfeito (Estágio/Júnior/Trainee) | Modalidade 100% Remota (máxima conveniência) | Título altamente aderente à trilha 'Estágio em Desenvolvimento de Software & Web'
55.0%,Estagiário (a) em Software Engineering,Insider Store,Remoto,"São Paulo, SP",Estágio em Desenvolvimento de Software & Web,LinkedIn,https://br.linkedin.com/jobs/view/estagi%C3%A1rio-a-em-software-engineering-at-insider-store-4460036809,Nível de senioridade perfeito (Estágio/Júnior/Trainee) | Modalidade 100% Remota (máxima conveniência) | Título altamente aderente à trilha 'Estágio em Desenvolvimento de Software & Web'
55.0%,Estágio em Desenvolvimento Full Stack,Bwtech,Remoto,Belo Horizonte e Região,Estágio em Desenvolvimento de Software & Web,LinkedIn,https://br.linkedin.com/jobs/view/est%C3%A1gio-em-desenvolvimento-full-stack-at-bwtech-4476125051,Nível de senioridade perfeito (Estágio/Júnior/Trainee) | Modalidade 100% Remota (máxima conveniência) | Título altamente aderente à trilha 'Estágio em Desenvolvimento de Software & Web'
55.0%,Estágio de Engenharia de Dados,Belgo Arames,Remoto,"Contagem, MG",Estágio em Engenharia de Telecomunicações & Redes,LinkedIn,https://br.linkedin.com/jobs/view/est%C3%A1gio-de-engenharia-de-dados-at-belgo-arames-4459550052,Nível de senioridade perfeito (Estágio/Júnior/Trainee) | Modalidade 100% Remota (máxima conveniência) | Título altamente aderente à trilha 'Estágio em Engenharia de Telecomunicações & Redes'
55.0%,ESTAGIARIO NIVEL SUPERIOR - SUPORTE,The Fiber,Remoto,"Goiânia, GO","Estágio em TI, Suporte Técnico & Redes",LinkedIn,https://br.linkedin.com/jobs/view/estagiario-nivel-superior-suporte-at-the-fiber-4323900898,"Nível de senioridade perfeito (Estágio/Júnior/Trainee) | Modalidade 100% Remota (máxima conveniência) | Título altamente aderente à trilha 'Estágio em TI, Suporte Técnico & Redes'"
55.0%,ESTAGIARIO NIVEL MEDIO - SUPORTE,The Fiber,Remoto,"Goiânia, GO","Estágio em TI, Suporte Técnico & Redes",LinkedIn,https://br.linkedin.com/jobs/view/estagiario-nivel-medio-suporte-at-the-fiber-4294123943,"Nível de senioridade perfeito (Estágio/Júnior/Trainee) | Modalidade 100% Remota (máxima conveniência) | Título altamente aderente à trilha 'Estágio em TI, Suporte Técnico & Redes'"
55.0%,Estagio em pós-venda,AGS TELECOM 🇧🇷,Remoto,"Recife, PE","Estágio em TI, Suporte Técnico & Redes",LinkedIn,https://br.linkedin.com/jobs/view/estagio-em-p%C3%B3s-venda-at-ags-telecom-%F0%9F%87%A7%F0%9F%87%B7-4453654218,"Nível de senioridade perfeito (Estágio/Júnior/Trainee) | Modalidade 100% Remota (máxima conveniência) | Título altamente aderente à trilha 'Estágio em TI, Suporte Técnico & Redes'"
